{
  "mini_petrol": 0.13063,
  "mini_diesel": 0.10996,
  "supermini_petrol": 0.14276,
  "supermini_diesel": 0.13452,
  "supermini_phev": 0.03008,
  "lower_medium_petrol": 0.16123,
  "lower_medium_diesel": 0.14517,
  "lower_medium_phev": 0.07482,
  "upper_medium_petrol": 0.18535,
  "upper_medium_diesel": 0.16194,
  "upper_medium_phev": 0.08106,
  "executive_petrol": 0.20073,
  "executive_diesel": 0.17088,
  "executive_phev": 0.08258,
  "luxury_petrol": 0.30752,
  "luxury_diesel": 0.20632,
  "luxury_phev": 0.11489,
  "sports_petrol": 0.23396,
  "sports_diesel": 0.17323,
  "sports_phev": 0.14157,
  "dual_purpose_4x4_petrol": 0.19219,
  "dual_purpose_4x4_diesel": 0.19973,
  "dual_purpose_4x4_phev": 0.10205,
  "mpv_petrol": 0.17903,
  "mpv_diesel": 0.18072,
  "mpv_phev": 0.08344,
  "small_car_petrol": 0.14308,
  "small_car_diesel": 0.1434,
  "small_car_phev": 0.03008,
  "medium_car_petrol": 0.17474,
  "medium_car_diesel": 0.17174,
  "medium_car_phev": 0.07789,
  "large_car_petrol": 0.26828,
  "large_car_diesel": 0.21007,
  "large_car_phev": 0.10033,
  "average_car_petrol": 0.16272,
  "average_car_diesel": 0.17304,
  "average_car_phev": 0.09167,
  "motorbike_small": 0.08319,
  "motorbike_medium": 0.10107,
  "motorbike_large": 0.13252,
  "motorbike_average": 0.11367
}