{
  "waste_disposal_factors": {
    "aggregates_open_loop": 1.00835,
    "aggregates_closed_loop": 1.00835,
    "aggregates_landfill": 1.26338,
    "average_construction_open_loop": 1.00835,
    "average_construction_closed_loop": 1.00835,
    "average_construction_incineration": 4.68568,
    "asbestos_landfill": 5.9416,
    "asphalt_open_loop": 1.00835,
    "asphalt_closed_loop": 1.00835,
    "asphalt_landfill": 1.26338,
    "bricks_open_loop": 1.00835,
    "bricks_landfill": 1.26338,
    "concrete_open_loop": 1.00835,
    "concrete_closed_loop": 1.00835,
    "concrete_landfill": 1.26338,
    "insulation_closed_loop": 1.00835,
    "insulation_landfill": 1.26338,
    "metals_closed_loop": 1.00835,
    "metals_landfill": 1.26435,
    "soils_closed_loop": 1.00835,
    "soils_landfill": 19.54671,
    "mineral_oil_closed_loop": 4.68568,
    "mineral_oil_incineration": 4.68568,
    "plasterboard_closed_loop": 4.68568,
    "plasterboard_landfill": 71.95,
    "tyres_closed_loop": 4.68568,
    "wood_closed_loop": 4.68568,
    "wood_incineration": 4.68568,
    "wood_composting": 8.98311,
    "wood_landfill": 925.34348,
    "books_closed_loop": 4.68568,
    "books_incineration": 4.68568,
    "books_composting": 8.98311,
    "books_landfill": 1164.4894,
    "glass_open_loop": 4.68568,
    "glass_closed_loop": 4.68568,
    "glass_incineration": 4.68568,
    "glass_landfill": 8.98311,
    "clothing_closed_loop": 4.68568,
    "clothing_incineration": 4.68568,
    "clothing_landfill": 496.78228,
    "household_residual_waste_incineration": 4.68568,
    "household_residual_waste_landfill": 497.24244,
    "organic_food_drink_incineration": 4.68568,
    "organic_food_drink_composting": 8.98311,
    "organic_food_drink_landfill": 700.30886,
    "organic_food_drink_anaerobic_digestion": 8.98311,
    "organic_garden_incineration": 4.68568,
    "organic_garden_composting": 8.98311,
    "organic_garden_landfill": 646.70557,
    "organic_garden_anaerobic_digestion": 8.98311,
    "organic_mixed_food_garden_incineration": 4.68568,
    "organic_mixed_food_garden_composting": 8.98311,
    "organic_mixed_food_garden_landfill": 656.08614,
    "organic_mixed_food_garden_anaerobic_digestion": 8.98311,
    "commercial_industrial_waste_incineration": 4.68568,
    "commercial_industrial_waste_landfill": 520.5327,
    "weee_fridges_open_loop": 4.68568,
    "weee_fridges_landfill": 8.98311,
    "weee_large_open_loop": 4.68568,
    "weee_large_incineration": 4.68568,
    "weee_large_landfill": 8.98311,
    "weee_mixed_open_loop": 4.68568,
    "weee_mixed_incineration": 4.68568,
    "weee_mixed_landfill": 8.98311,
    "weee_small_open_loop": 4.68568,
    "weee_small_incineration": 4.68568,
    "weee_small_landfill": 8.98311,
    "batteries_open_loop": 4.68568,
    "batteries_landfill": 8.98311,
    "metal_aluminium_cans_open_loop": 4.68568,
    "metal_aluminium_cans_closed_loop": 4.68568,
    "metal_aluminium_cans_incineration": 4.68568,
    "metal_aluminium_cans_landfill": 8.98311,
    "metal_mixed_cans_open_loop": 4.68568,
    "metal_mixed_cans_closed_loop": 4.68568,
    "metal_mixed_cans_incineration": 4.68568,
    "metal_mixed_cans_landfill": 8.98311,
    "metal_scrap_open_loop": 4.68568,
    "metal_scrap_closed_loop": 4.68568,
    "metal_scrap_incineration": 4.68568,
    "metal_scrap_landfill": 8.98311,
    "metal_steel_cans_open_loop": 4.68568,
    "metal_steel_cans_closed_loop": 4.68568,
    "metal_steel_cans_incineration": 4.68568,
    "metal_steel_cans_landfill": 8.98311,
    "plastics_average_open_loop": 4.68568,
    "plastics_average_closed_loop": 4.68568,
    "plastics_average_incineration": 4.68568,
    "plastics_average_landfill": 8.98311,
    "plastics_film_open_loop": 4.68568,
    "plastics_film_closed_loop": 4.68568,
    "plastics_film_incineration": 4.68568,
    "plastics_film_landfill": 8.98311,
    "plastics_rigid_open_loop": 4.68568,
    "plastics_rigid_closed_loop": 4.68568,
    "plastics_rigid_incineration": 4.68568,
    "plastics_rigid_landfill": 8.98311,
    "plastics_hdpe_open_loop": 4.68568,
    "plastics_hdpe_closed_loop": 4.68568,
    "plastics_hdpe_incineration": 4.68568,
    "plastics_hdpe_landfill": 8.98311,
    "plastics_ldpe_open_loop": 4.68568,
    "plastics_ldpe_closed_loop": 4.68568,
    "plastics_ldpe_incineration": 4.68568,
    "plastics_ldpe_landfill": 8.98311,
    "plastics_pet_open_loop": 4.68568,
    "plastics_pet_closed_loop": 4.68568,
    "plastics_pet_incineration": 4.68568,
    "plastics_pet_landfill": 8.98311,
    "plastics_pp_open_loop": 4.68568,
    "plastics_pp_closed_loop": 4.68568,
    "plastics_pp_incineration": 4.68568,
    "plastics_pp_landfill": 8.98311,
    "plastics_ps_open_loop": 4.68568,
    "plastics_ps_closed_loop": 4.68568,
    "plastics_ps_incineration": 4.68568,
    "plastics_ps_landfill": 8.98311,
    "plastics_pvc_open_loop": 4.68568,
    "plastics_pvc_closed_loop": 4.68568,
    "plastics_pvc_incineration": 4.68568,
    "plastics_pvc_landfill": 8.98311,
    "paper_board_closed_loop": 4.68568,
    "paper_board_incineration": 4.68568,
    "paper_board_composting": 8.98311,
    "paper_board_landfill": 1164.4894,
    "paper_mixed_closed_loop": 4.68568,
    "paper_mixed_incineration": 4.68568,
    "paper_mixed_composting": 8.98311,
    "paper_mixed_landfill": 1164.4894,
    "paper_paper_closed_loop": 4.68568,
    "paper_paper_incineration": 4.68568,
    "paper_paper_composting": 8.98311,
    "paper_paper_landfill": 1164.4894
  }
}